Tweets,Labels
"1. ""EVs convert over 77% of electrical energy into motion, compared to 12-30% for gasoline cars. #Efficiency""",Positive
"2. ""EV motors have only 20 moving parts vs. 2,000+ in gas engines. That’s simplicity at its finest. #ElectricVehicles""",Positive
"3. ""The world’s best-selling EV? The Tesla Model Y, leading the charge toward a cleaner future. 🚗⚡ #EVFacts""",Positive
"4. ""Electric cars first appeared in the 1800s, but today’s models are light-years ahead. #Throwback #EVHistory""",Positive
"5. ""EVs can run on renewable energy, making them truly zero-emission vehicles. 🌱 #SustainableDriving""",Positive
"6. ""In Norway, over 80% of new cars sold are EVs. The future is already here! 🇳🇴 #EVWorld""",Positive
"7. ""EV sales doubled in 2021 globally and are projected to keep skyrocketing. 🚀 #ElectricRevolution""",Positive
"8. ""Driving an EV is like getting 100 mpg in terms of energy efficiency. #FuelEconomy""",Positive
"9. ""An EV’s regenerative braking system converts braking energy back into battery power. Smart and efficient! #Tech""",Positive
"10. ""The Nissan Leaf is one of the most affordable EVs, starting at under $30K. #AffordableEVs""",Positive
"11. ""EVs are quiet because they lack a combustion engine. Peaceful drives, anyone? 🌟 #EVLife""",Positive
"12. ""Over a million EVs are already on U.S. roads. Join the revolution! 🌎 #DriveElectric""",Positive
"13. ""EV adoption helps reduce dependency on fossil fuels. #EnergyIndependence""",Positive
"14. ""An EV is about 4x cheaper to operate per mile than a gas car. #Savings""",Positive
"15. ""The average EV driver in the U.S. charges at home over 80% of the time. Convenience is key! 🔋 #EVCharging""",Positive
"16. ""Tesla’s Superchargers can replenish up to 200 miles in just 15 minutes. #QuickCharge""",Positive
"17. ""Did you know? EV batteries are designed to last over 100,000 miles! #EVDurability""",Positive
"18. ""The average EV emits 50% less CO2 over its lifetime than a comparable gas car. 🌱 #GoGreen""",Positive
"19. ""China leads the world in EV production and adoption. 🇨🇳 #GlobalEVs""",Positive
"20. ""EVs are ideal for stop-and-go traffic thanks to regenerative braking and no idling. 🚦 #Efficiency""",Positive
"21. ""An electric motor provides full torque from 0 mph—instant acceleration! #EVPerformance""",Positive
"22. ""The fastest production car in the world is electric: the Rimac Nevera. 0-60 in 1.85 seconds. #EVTech""",Positive
"23. ""Europe plans to ban gas car sales by 2035. Are you ready for the future? 🚗⚡ #EVAdoption""",Positive
"24. ""Battery recycling initiatives are making EVs even more sustainable. ♻️ #GreenEnergy""",Positive
"25. ""Cold weather can reduce EV range, but heat pumps help maximize efficiency. #WinterDriving""",Positive
"26. ""Did you know? EV batteries can be repurposed for home energy storage after their vehicle life. #Reuse""",Positive
"27. ""The average American drives 29 miles/day—well within the range of most EVs. #RangeConfidence""",Positive
"28. ""EVs can be powered by solar panels at home, making them truly renewable. 🌞 #EVLifestyle""",Positive
"29. ""By 2030, half of all vehicles sold are expected to be electric. 🚗⚡ #EVForecast""",Positive
"30. ""EVs are already cheaper than gas cars in terms of lifetime costs. #SavingsOverTime""",Positive
"31. ""Electric trucks like the Rivian R1T are redefining adventure vehicles. 🏔️ #EVRevolution""",Positive
"32. ""EVs require no oil changes, spark plugs, or timing belts. Less hassle, more driving. #MaintenanceFree""",Positive
"33. ""Fast-charging networks are growing rapidly, making long trips easier than ever. #EVConvenience""",Positive
"34. ""EVs use lithium-ion batteries, the same tech powering your smartphone. 📱🔋 #TechFacts""",Positive
"35. ""EV batteries are safer than you think: they rarely catch fire compared to gas tanks. 🔥 #EVSafety""",Positive
"36. ""There are EV models for every need, from city cars to SUVs. 🚙⚡ #ChoiceMatters""",Positive
"37. ""Tesla’s autopilot software is paving the way for self-driving EVs. #FutureOfDriving""",Positive
"38. ""EVs are so quiet they must include artificial noise for pedestrian safety. 🚶‍♀️🔊 #Safety""",Positive
"39. ""The Chevrolet Bolt offers 259 miles of range for under $30,000. #AffordableEVs""",Positive
"40. ""EV chargers are increasingly solar-powered for greener energy use. 🌞🔋 #SustainableCharging""",Positive
"41. ""Most EV owners charge overnight when electricity demand is low. 🌙 #SmartCharging""",Positive
"42. ""The cost to fully charge an EV is equivalent to $1 per gallon of gas. #CostSavings""",Positive
"43. ""EVs can drive through floods better than gas cars, thanks to their sealed underbodies. 🌊 #EVAdvantages""",Positive
"44. ""Many EVs offer over-the-air updates, improving performance remotely. 📡 #SmartTech""",Positive
"45. ""The Ford F-150 Lightning can power your home during blackouts. 🔋🏡 #DualPurpose""",Positive
"46. ""EV charging is becoming as easy as refueling, with apps to find chargers everywhere. 📱⚡ #EVTech""",Positive
"47. ""The average EV battery costs have dropped by 89% in the last decade. #EVProgress""",Positive
"48. ""EV adoption is creating millions of green jobs worldwide. 🌎 #CleanEconomy""",Positive
"49. ""An EV is up to 60% cheaper to repair over its lifetime. #CostEfficient""",Positive
"50. ""EV owners love their cars, with satisfaction rates consistently higher than gas cars. 🚗💚 #CustomerLove""",Positive
"51. ""EVs eliminate tailpipe emissions, reducing urban air pollution. #CleanerCities""",Positive
"52. ""Many EVs come with free public charging incentives from manufacturers. 🔌 #Perks""",Positive
"53. ""Solid-state batteries could revolutionize EV range and safety. #FutureBatteries""",Positive
"54. ""Some EVs feature bi-directional charging, powering devices or even other cars. ⚡ #TechInnovation""",Positive
"55. ""EV battery production is rapidly adopting sustainable practices. ♻️ #CleanerEnergy""",Positive
"56. ""Driving electric isn’t just good for the planet—it’s good for your wallet too. 💸 #SmartDriving""",Positive
"57. ""The Porsche Taycan proves EVs can be both green and luxurious. 💎⚡ #HighPerformance""",Positive
"58. ""EV tires are optimized for low rolling resistance, improving efficiency. #SmartEngineering""",Positive
"59. ""Every major automaker has committed to electrifying their fleets by 2030. 🚗⚡ #FutureIsElectric""",Positive
"60. ""Driving an EV is more than transportation; it’s a statement for the planet. 🌎 #EVFuture""",Positive
"1. ""Transportation accounts for 29% of greenhouse gas emissions in the U.S. Switching to EVs can cut that drastically. 🌍 #ClimateAction""",Positive
"2. ""Driving an EV reduces CO2 emissions by up to 50% compared to gas cars. #CleanEnergy""",Positive
"3. ""An EV’s carbon footprint shrinks as the grid becomes cleaner. Renewable energy is the perfect match. 🌱 #EVGreen""",Positive
"4. ""Cities with high EV adoption see significantly lower air pollution. Cleaner air for everyone! 🌎 #DriveElectric""",Positive
"5. ""Switching to an EV is like planting 1,500 trees over the vehicle’s lifetime. 🌳 #Sustainability""",Positive
"6. ""Zero tailpipe emissions mean EVs contribute nothing to urban smog. 🌫️ #CleanAir""",Positive
"7. ""EVs help mitigate climate change by reducing reliance on fossil fuels. 🌍 #SustainableFuture""",Positive
"8. ""Renewable energy-powered EVs have the smallest carbon footprint of any vehicle type. ☀️⚡ #GreenDriving""",Positive
"9. ""Gas cars release harmful pollutants like NOx and particulate matter. EVs don’t. 🚗⚡ #CleanEnergy""",Positive
"10. ""Over 70% of Americans breathe polluted air daily. EVs can help change that. 🌬️ #CleanerCities""",Positive
"11. ""By 2030, EVs could reduce global CO2 emissions by 1.5 gigatons annually. 🌎 #BigImpact""",Positive
"12. ""EVs support a circular economy with recyclable batteries and materials. ♻️ #GreenEnergy""",Positive
"13. ""Cleaner vehicles mean healthier communities. Let’s reduce asthma rates with EVs. #HealthierFuture""",Positive
"14. ""An EV powered by renewables is one of the most eco-friendly choices you can make. 🌞 #GoGreen""",Positive
"15. ""Reducing your reliance on gasoline helps decrease oil drilling and its environmental impacts. 🛢️❌ #Sustainability""",Positive
"16. ""EVs play a key role in transitioning to a zero-carbon economy. 🌍 #NetZero""",Positive
"17. ""Air pollution kills 7 million people annually worldwide. EVs can help save lives. 🌬️ #CleanTransportation""",Positive
"18. ""Producing an EV battery emits CO2, but it’s offset within 2 years of driving. #EcoFriendly""",Positive
"19. ""EVs are crucial for meeting international climate goals like the Paris Agreement. 🌍 #ClimateAction""",Positive
"20. ""Charging an EV with solar power makes it 100% emissions-free. 🌞🔋 #GreenLiving""",Positive
"21. ""EVs can reduce dependency on foreign oil, making energy cleaner and more secure. #EnergyIndependence""",Positive
"22. ""Driving electric means no more exhaust pipes polluting the atmosphere. 🚗⚡ #CleanAir""",Positive
"23. ""Switching to EVs is one of the top actions individuals can take to fight climate change. 🌎 #SustainableDriving""",Positive
"24. ""Reducing noise pollution is another environmental win for EVs. Quiet streets, better sleep! 🌙 #SilentRevolution""",Positive
"25. ""EV batteries are increasingly made with sustainable mining practices. ♻️ #CleanEnergy""",Positive
"26. ""Over its lifetime, an EV produces far less environmental harm than a gas car. #Sustainability""",Positive
"27. ""The future of EVs is greener, with battery recycling and renewable energy integration. 🌱 #CircularEconomy""",Positive
"28. ""Fewer oil spills and refinery emissions: EVs are the cleaner choice. 🚗🌊 #ProtectNature""",Positive
"29. ""Electric buses are improving public transit while cutting emissions. 🚌⚡ #GreenTransit""",Positive
"30. ""EV adoption helps prevent deforestation linked to fossil fuel extraction. 🌳 #ProtectForests""",Positive
"31. ""Air quality improvements in EV-friendly cities are already measurable. 🌬️ #CleanerFutures""",Positive
"32. ""EVs help fight climate change by drastically reducing transportation emissions. 🌎 #ClimateSolution""",Positive
"33. ""Producing gasoline emits more CO2 than producing electricity for EVs. #EVAdvantages""",Positive
"34. ""Reducing tailpipe emissions also reduces acid rain, protecting ecosystems. 🌦️ #GreenChoice""",Positive
"35. ""Every EV on the road is a step toward a healthier planet. 🌍 #SmallStepsBigImpact""",Positive
"36. ""Cleaner vehicles mean less environmental damage from drilling and refining. 🛢️❌ #EcoFriendly""",Positive
"37. ""Driving an EV contributes to a greener world, one mile at a time. 🌿 #DriveGreen""",Positive
"38. ""EVs powered by wind or solar energy are practically emission-free. 🌬️☀️ #CleanTech""",Positive
"39. ""EVs help protect wildlife by reducing habitat destruction tied to oil drilling. 🦜 #ProtectNature""",Positive
"40. ""Carbon-neutral EV production is on the rise, creating a cleaner supply chain. ♻️ #SustainableInnovation""",Positive
"41. ""Switching to EVs is key to reducing urban heat islands caused by vehicle pollution. 🌡️ #UrbanPlanning""",Positive
"42. ""EVs eliminate the need for fossil fuel combustion, reducing greenhouse gases. 🌍 #CleanerEnergy""",Positive
"43. ""By 2040, EVs could reduce oil demand by 20 million barrels/day. 🛢️❌ #FutureIsElectric""",Positive
"44. ""EVs promote energy efficiency, reducing the overall carbon footprint of transportation. 🌱 #GoElectric""",Positive
"45. ""EVs run on clean energy, helping cities meet ambitious climate targets. 🌆 #GreenCities""",Positive
"46. ""Public EV charging stations increasingly use renewable energy. 🌞 #SustainableCharging""",Positive
"47. ""Cleaner transportation means healthier oceans and marine life. 🌊 #DriveElectric""",Positive
"48. ""Switching fleets to EVs can slash emissions from delivery and logistics. 📦⚡ #GreenLogistics""",Positive
"49. ""EVs are essential for a future where clean air is the norm, not the exception. 🌬️ #EVBenefits""",Positive
"50. ""The environmental savings from EVs outweigh the carbon cost of battery production. ♻️ #GreenEnergy""",Positive
"51. ""Gasoline refinement emits significant CO2. Charging an EV is far cleaner. #DriveGreen""",Positive
"52. ""Electric trucks will revolutionize freight by drastically reducing emissions. 🚚⚡ #GreenFreight""",Positive
"53. ""EVs reduce water contamination linked to fossil fuel production. 🌊 #CleanEnergy""",Positive
"54. ""EV adoption is a tangible step toward reversing global warming. 🌡️ #ActNow""",Positive
"55. ""Driving electric helps protect Arctic habitats by reducing oil exploration demand. 🐻‍❄️ #EcoFriendly""",Positive
"56. ""Battery recycling programs are improving rapidly, reducing waste from EVs. ♻️ #SustainableSolutions""",Positive
"57. ""EV production is becoming greener, with automakers investing in renewable factories. 🌱 #FutureReady""",Positive
"58. ""Reducing car-related emissions means protecting biodiversity worldwide. 🦉 #SustainableDriving""",Positive
"59. ""Switching to EVs can help reduce the environmental impact of mining for oil. ⛏️❌ #CleanChoices""",Positive
"60. ""EVs are a powerful way to align personal habits with global sustainability goals. 🌍 #DriveElectric""",Positive
"1. ""Imagine charging your car while driving! Wireless EV charging roads are being tested worldwide. 🚗⚡ #FutureTech""",Positive
"2. ""Solid-state batteries could increase EV range to over 500 miles while charging in minutes. #NextGenBatteries""",Positive
"3. ""Some EVs now come with bi-directional charging, letting your car power your home. 🔋🏡 #EVInnovation""",Positive
"4. ""AI is transforming EVs, making them smarter with features like self-driving and predictive maintenance. 🤖🚗 #FutureOfDriving""",Positive
"5. ""Transparent solar panels on EVs may soon help charge batteries while you drive. ☀️⚡ #InnovativeTech""",Positive
"6. ""Hydrogen fuel cell EVs are another zero-emission solution in the works. H2 is the future! 🚗💨 #GreenTech""",Positive
"7. ""Fast-charging networks are evolving to give you 300 miles of range in under 10 minutes. ⏱️⚡ #EVRevolution""",Positive
"8. ""Next-gen EVs could incorporate graphene batteries for faster charging and longer life. 🧪🔋 #BreakthroughTech""",Positive
"9. ""Self-healing tires for EVs? New tech could make punctures a thing of the past. 🚗⚙️ #FutureEVs""",Positive
"10. ""Autonomous EVs are expected to reduce traffic and cut emissions in urban areas. 🌆🚗 #SmartCities""",Positive
"11. ""Wireless charging pads for EVs could soon replace bulky cables entirely. 🔌❌ #SeamlessCharging""",Positive
"12. ""Future EVs may use augmented reality dashboards for navigation and driver assistance. 🛣️👓 #SmartDriving""",Positive
"13. ""Range-extender drones are being developed to recharge EVs on the go. 🚁⚡ #NextGenIdeas""",Positive
"14. ""With over-the-air updates, your EV can improve performance without visiting a dealer. 📡🚗 #TechInnovation""",Positive
"15. ""AI-powered route planning will soon optimize EV range and charging stops in real time. 🛣️🤖 #SmartTech""",Positive
"16. ""EVs with 3D-printed components reduce production waste and enable customization. ♻️🖨️ #FutureCars""",Positive
"17. ""Integrated solar roofs on EVs could extend daily range without external charging. ☀️🚗 #SolarPower""",Positive
"18. ""Battery swapping stations are gaining traction as a fast alternative to charging. 🔄⚡ #EVSolutions""",Positive
"19. ""Future EVs may feature voice-controlled climate zones for ultimate comfort. 🗣️❄️ #LuxuryTech""",Positive
"20. ""Holographic displays in EVs could replace traditional dashboards. 🛠️✨ #NextLevelTech""",Positive
"21. ""Magnesium-ion batteries are being explored for their potential to outperform lithium-ion tech. 🧪🔋 #FutureEnergy""",Positive
"22. ""Remote parking assistance is becoming a standard feature in EVs. Let your car park itself! 🚗🅿️ #Convenience""",Positive
"23. ""Using AI, EVs can learn your driving habits to maximize range. 🧠🔋 #SmartDriving""",Positive
"24. ""Electric flying cars? Vertical takeoff and landing EVs are closer than you think. 🚀🚗 #AviationInnovation""",Positive
"25. ""Heat pump systems in EVs improve range in cold weather by conserving energy. 🌡️🔋 #Efficiency""",Positive
"26. ""Future EV batteries could double as energy storage for your entire neighborhood. 🏡⚡ #CommunityEnergy""",Positive
"27. ""Advanced driver-assistance systems (ADAS) make EVs safer with lane-keeping and collision avoidance. 🚗🛡️ #SmartSafety""",Positive
"28. ""EVs could soon be charged using wind turbines integrated into the vehicle design. 🌬️⚡ #EcoInnovation""",Positive
"29. ""In-wheel electric motors could boost EV efficiency and performance. 🚗⚙️ #NextGenDesign""",Positive
"30. ""EVs with dynamic glass technology may soon adjust cabin tint based on sunlight. 🌞🚗 #LuxuryFeatures""",Positive
"31. ""Quantum computing is being used to develop better battery chemistries for EVs. 🧪💻 #TechBreakthrough""",Positive
"32. ""Future EVs might be able to generate power from vibrations or body motion. 🔋🌊 #KineticEnergy""",Positive
"33. ""EV charging stations powered by algae biofuel? It’s being tested now. 🌱⚡ #GreenFuture""",Positive
"34. ""New lightweight materials are cutting EV weight for better range and efficiency. 🛠️🚗 #InnovativeDesign""",Positive
"35. ""EVs are integrating health monitoring systems to track driver wellbeing. ❤️🚗 #WellnessTech""",Positive
"36. ""Self-driving EVs could soon make ridesharing autonomous and more efficient. 🤖🚕 #MobilityTech""",Positive
"37. ""EVs of the future might feature full windshield displays for immersive navigation. 🛣️📺 #AugmentedDriving""",Positive
"38. ""Nanotechnology is improving battery durability and charging efficiency for EVs. 🔋🧬 #FutureEnergy""",Positive
"39. ""Folding EVs? Compact designs for urban commuters are in development. 🚗📦 #SmartCities""",Positive
"40. ""EV fleets with blockchain technology are enhancing energy and data security. 🔗⚡ #DigitalInnovation""",Positive
"41. ""Liquid-cooled batteries are extending the life and safety of high-performance EVs. 🌡️🔋 #EVTech""",Positive
"42. ""Self-cleaning EV exteriors using nanocoatings? Future cars will stay spotless. 🚗✨ #LuxuryTech""",Positive
"43. ""Next-gen EVs will feature AI copilots to guide you through traffic and optimize routes. 🧠🚗 #AIInnovation""",Positive
"44. ""Wireless V2G (vehicle-to-grid) tech will let EVs stabilize energy grids. 🌍🔋 #SustainableTech""",Positive
"45. ""Advanced thermal management systems will keep EV batteries performing at peak efficiency. 🌡️🔋 #EfficiencyMatters""",Positive
"46. ""Driverless delivery vans are leading the way in autonomous EV logistics. 📦🚗 #SmartTransport""",Positive
"47. ""3D-printed EV batteries could reduce production costs and increase recycling efficiency. ♻️🔋 #Innovation""",Positive
"48. ""Hydrogen-powered EV hybrids are being developed for faster refueling and longer range. 🛢️⚡ #FutureTech""",Positive
"49. ""Energy-harvesting tires could convert heat and motion into power for EVs. 🔋🛞 #InnovativeSolutions""",Positive
"50. ""Autonomous EVs could reduce accidents by over 90%. The future is safe and electric. 🚗🛡️ #FutureOfDriving""",Positive
"51. ""Future EVs may have drone-like cameras replacing traditional mirrors. 🚁🚗 #StreamlineDesign""",Positive
"52. ""Smart EVs with vehicle-to-everything (V2X) tech will communicate with traffic systems. 🛣️🔗 #ConnectedDriving""",Positive
"53. ""Next-gen EVs will feature air-purifying systems to clean the air as you drive. 🌬️🚗 #EcoFriendlyTech""",Positive
"54. ""Predictive AI could let your EV schedule maintenance before issues arise. 🤖🔧 #SmartTech""",Positive
"55. ""EVs powered by wireless charging lanes could eliminate range anxiety forever. 🔌🚗 #InnovationOnTheMove""",Positive
"56. ""Future EVs could act as mobile power plants, providing electricity in emergencies. 🔋🚗 #EnergyBackup""",Positive
"57. ""Artificial intelligence is helping optimize EV battery designs for faster development. 🧠🔋 #EVTech""",Positive
"58. ""Solar EVs like Aptera promise ultra-long ranges with zero emissions. ☀️🚗 #SolarPowered""",Positive
"59. ""EVs with integrated lidar sensors are taking autonomous driving to new heights. 🚗🔦 #SelfDriving""",Positive
"60. ""Future EVs may feature personalized AI assistants that adapt to your driving style. 🤖🚗 #NextLevelDriving""",Positive
"1. ""Did you know? EVs cost 50-70% less to fuel compared to gas cars. ⚡🚗 #Savings""",Positive
"2. ""Say goodbye to oil changes and costly engine repairs. EVs have fewer moving parts. 🛠️ #CostEfficient""",Positive
"3. ""The price of EV batteries has dropped 89% since 2010, making them more affordable every year. 📉🔋 #AffordableEVs""",Positive
"4. ""Driving electric saves you about $1,000 annually on fuel. Where will you spend your extra cash? 💵⚡ #EVSavings""",Positive
"5. ""Owning an EV reduces your maintenance costs by up to 40%. 🚗🛠️ #EconomicChoice""",Positive
"6. ""With federal and state incentives, EVs are now within reach for more people. 💰📜 #EVIncentives""",Positive
"7. ""Tax credits for EVs can save buyers up to $7,500. 🚗💵 #SmartInvestment""",Positive
"8. ""EV charging at home costs just a few dollars per full charge. Goodbye, gas station trips! ⛽❌ #Savings""",Positive
"9. ""Fleet managers are switching to EVs to cut long-term operating costs. 🚚⚡ #BusinessSavings""",Positive
"10. ""Resale values of EVs are climbing as demand increases. Your investment is safer than ever. 🚗💵 #EVMarket""",Positive
"11. ""Lower total cost of ownership (TCO) makes EVs a smart financial choice over time. 📊 #SmartMoney""",Positive
"12. ""EV battery warranties often last 8+ years. Peace of mind comes built-in. 🔋🚗 #LongTermValue""",Positive
"13. ""EVs cost less to operate even in regions with higher electricity prices. ⚡💡 #CostEfficient""",Positive
"14. ""By 2030, EVs are expected to be cheaper to manufacture than gas cars. 🚗📉 #FutureEconomics""",Positive
"15. ""Public charging stations are expanding, many offering free or discounted rates. ⚡📍 #AffordableCharging""",Positive
"16. ""Leasing an EV often comes with lower monthly costs due to incentives. 🚗📅 #BudgetFriendly""",Positive
"17. ""EV owners save on road taxes in some states. Incentives keep piling up! 🚦💵 #EVBenefits""",Positive
"18. ""Electric motors are simpler and cheaper to maintain than internal combustion engines. 🛠️⚡ #TechSavings""",Positive
"19. ""As EVs become more mainstream, insurance rates are becoming more competitive. 🚗🛡️ #AffordableCoverage""",Positive
"20. ""Home solar panels + EV = zero fuel costs. The ultimate economic combo! ☀️🔋 #EnergyIndependence""",Positive
"21. ""EV prices have dropped by 24% over the last 5 years, with more affordable models on the way. 📉🚗 #EVGrowth""",Positive
"22. ""Driving electric is a hedge against rising gasoline prices. 🔋⛽ #FutureProof""",Positive
"23. ""Long commutes are cheaper with EVs, thanks to their low per-mile energy cost. 🛣️⚡ #DailySavings""",Positive
"24. ""Some states offer free or discounted EV registration fees. 🚗📜 #MoreSavings""",Positive
"25. ""Battery recycling programs are reducing the environmental and financial costs of EV ownership. ♻️🔋 #EcoSavings""",Positive
"26. ""Workplace EV charging stations often offer free electricity for employees. ⚡💼 #WorkPerks""",Positive
"27. ""EV fleet conversions are saving companies millions in fuel and maintenance. 🚛💰 #BusinessCase""",Positive
"28. ""Switching to an EV can reduce household expenses by thousands annually. 💵🚗 #SmartSwitch""",Positive
"29. ""EV charging costs are stable, unlike fluctuating gas prices. ⚡⛽❌ #BudgetPredictability""",Positive
"30. ""EV subscription models make owning an electric car more affordable than ever. 🚗📅 #FlexibleOptions""",Positive
"31. ""Carpool lanes and reduced toll fees for EVs save time *and* money. 🛣️💵 #PerksOfDrivingElectric""",Positive
"32. ""Grid-to-vehicle (G2V) credits can let EV owners earn money by feeding energy back to the grid. 🔋⚡ #IncomeOpportunity""",Positive
"33. ""Resale demand for EVs is booming, keeping depreciation rates lower than expected. 🚗📈 #GoodInvestment""",Positive
"34. ""Many utilities offer rebates for home EV chargers. 🔌💵 #ChargeSavings""",Positive
"35. ""The economics of EVs are improving rapidly, driven by better tech and higher demand. 📊⚡ #EVMarketTrends""",Positive
"36. ""EVs last longer due to fewer wear-and-tear parts, increasing their long-term value. 🚗🔧 #BuiltToLast""",Positive
"37. ""Electric buses save transit authorities up to $200,000 in fuel costs over their lifetime. 🚌⚡ #PublicSavings""",Positive
"38. ""Charging at night takes advantage of off-peak electricity rates, reducing costs further. 🌙⚡ #SmartCharging""",Positive
"39. ""EV incentives extend to used models too! Second-hand buyers can save big. 🚗💵 #AffordableEVs""",Positive
"40. ""EVs are becoming the go-to choice for rideshare drivers thanks to low operating costs. 🚕⚡ #RideGreen""",Positive
"41. ""Solar-powered EV chargers are reducing long-term energy expenses for homeowners. ☀️🔌 #GreenSavings""",Positive
"42. ""Heavy-duty EV trucks are expected to save logistics companies millions annually. 🚚⚡ #SmartBusiness""",Positive
"43. ""Investing in an EV now prepares you for future bans on internal combustion engines. 🔋🚗 #FutureProof""",Positive
"44. ""Many automakers offer affordable financing options for EV buyers. 🚗💳 #EasyOwnership""",Positive
"45. ""EV subscription services like pay-per-mile offer flexibility without upfront costs. 📈💵 #NewEconomy""",Positive
"46. ""EVs are cost-effective even in rural areas, thanks to fewer fuel-related expenses. 🏞️⚡ #BroadSavings""",Positive
"47. ""Employers are offering EV perks, from free charging to purchase subsidies. ⚡💼 #CorporateIncentives""",Positive
"48. ""EVs protect you from fluctuating oil markets. A win for your wallet and the planet! 🌍💰 #OilFree""",Positive
"49. ""Batteries are becoming a commodity, driving down EV prices even further. 📉🔋 #EconomicsOfScale""",Positive
"50. ""EV-friendly policies are creating financial incentives for both buyers and manufacturers. 🚗💵 #SmartPolicy""",Positive
"51. ""Reduced noise pollution from EVs can boost property values in quieter neighborhoods. 🏡🔇 #CommunityBenefits""",Positive
"52. ""No emissions zones in cities are making EVs a necessity, avoiding potential fines. 🚗🌆 #CompliancePays""",Positive
"53. ""Low-interest green loans are helping more buyers afford EVs. 💳🌿 #SmartFinancing""",Positive
"54. ""Charging at public stations often costs less than traditional fuel stops. 🔋⛽❌ #AffordableEnergy""",Positive
"55. ""EVs are unlocking new business models, like mobile charging and energy storage services. ⚡🚗 #FutureOpportunities""",Positive
"56. ""EV-compatible homes may see a rise in resale value as demand grows. 🏡🔌 #RealEstateTrends""",Positive
"57. ""Government subsidies for EVs are incentivizing faster adoption and lowering market prices. 🚗📉 #PolicySuccess""",Positive
"58. ""EV-friendly ridesharing apps reward drivers with higher rates per mile. 🚕⚡ #WinWin""",Positive
"59. ""Green bonds are funding massive EV infrastructure projects, making future charging cheaper. 🌍🔋 #SmartInvestments""",Positive
"60. ""With fewer moving parts, EV repairs are simpler and less frequent, saving you money. 🚗🛠️ #AffordableTech""",Positive
"1. ""Road trips just got cooler with EVs! Quiet rides, scenic routes, and charging stops as mini-adventures. 🚗🌍 #EVLifestyle""",Positive
"2. ""Start your day charged! Plug in your EV overnight and wake up to a full 'tank.' 🔌🌙 #MorningRoutine""",Positive
"3. ""EVs are so quiet that you can finally enjoy your favorite tunes without engine noise. 🎵🚗 #SmoothRide""",Positive
"4. ""Wave goodbye to gas station lines. Fueling your EV at home is as easy as plugging in your phone. 📱🔌 #Convenience""",Positive
"5. ""An EV-friendly lifestyle means planning stops at scenic charging stations. Adventure awaits! 🏞️⚡ #EVTravel""",Positive
"6. ""Love gadgets? EVs are packed with high-tech features like smart dashboards and AI copilots. 🚗📱 #TechLife""",Positive
"7. ""Driving electric isn't just practical—it's a statement of sustainability. 🌍🚗 #GreenLifestyle""",Positive
"8. ""EVs are perfect for families. Spacious, safe, and cheaper to run! 🚗👨‍👩‍👧‍👦 #FamilyFriendly""",Positive
"9. ""Enjoy better air quality in your city by choosing an EV. Clean rides, clean vibes! 🌬️🚗 #HealthyLiving""",Positive
"10. ""No more car vibrations or loud engines. EV rides are smooth and serene. 🛤️🚗 #Relaxation""",Positive
"11. ""Weekend warriors, rejoice! EVs with extended ranges are perfect for spontaneous road trips. 🚗🏔️ #ExploreMore""",Positive
"12. ""Upgrade your driveway with a sleek EV. Who says sustainability can't be stylish? 🚗✨ #DriveInStyle""",Positive
"13. ""EV ownership means joining a community of like-minded, eco-conscious drivers. 🌿🚗 #EVCommunity""",Positive
"14. ""Experience the joy of instant acceleration in an EV—it's like driving a rocket! 🚀⚡ #FunToDrive""",Positive
"15. ""Electric SUVs are perfect for outdoor enthusiasts—spacious and rugged with zero emissions. 🚗🏕️ #AdventureAwaits""",Positive
"16. ""Impress your friends with your EV's autopilot parking. Hands off, stress-free! 🅿️🚗 #CoolFeatures""",Positive
"17. ""Commuting in an EV feels lighter knowing you're reducing your carbon footprint. 🌍🚗 #FeelGoodDriving""",Positive
"18. ""EVs are pet-friendly with quieter cabins and spacious interiors for your furry friends. 🐕🚗 #PetLovers""",Positive
"19. ""No more gasoline smell on your hands. Charging an EV is cleaner in every way. 🔌🙌 #SmallJoys""",Positive
"20. ""Save time with pre-conditioning! Warm up or cool down your EV remotely. 🌡️🚗 #LuxuryLiving""",Positive
"21. ""EVs are changing how we interact with cars—think smart apps, voice control, and more. 🚗📱 #FutureLiving""",Positive
"22. ""Driving electric shows you care about the planet your kids will inherit. 👶🌍 #ResponsibleChoices""",Positive
"23. ""EV camping? Power your gadgets and stay connected on the go! 🔋🏕️ #AdventureTech""",Positive
"24. ""EVs are redefining city living with quieter streets and cleaner air. 🏙️🚗 #UrbanLifestyle""",Positive
"25. ""Skip the oil change—spend your weekends on what really matters. 🛠️❌➡️🏖️ #TimeSaver""",Positive
"26. ""Planning EV-friendly trips means discovering new cafes and spots near charging stations. ☕📍 #TravelWithPurpose""",Positive
"27. ""Drive worry-free with apps that show you charging stations wherever you go. 🌐🔋 #AlwaysConnected""",Positive
"28. ""An EV lifestyle means embracing technology—from remote controls to auto updates. 🚗🤖 #TechDriven""",Positive
"29. ""Weekend drives in your EV = guilt-free joyrides. Enjoy the views without emissions. 🛣️🌿 #EcoAdventure""",Positive
"30. ""EVs bring a sense of pride—you're driving the future of mobility. 🚗⚡ #BeTheChange""",Positive
"31. ""Family road trips are better in EVs with entertainment-packed cabins. 🎮🚗 #TravelSmart""",Positive
"32. ""Say yes to solar EV chargers and live off-grid while staying connected. ☀️🔋 #SustainableLiving""",Positive
"33. ""Cooking up your EV lifestyle? Many food stops now offer charging stations. 🍔🔌 #ConvenientDining""",Positive
"34. ""Transform your garage with an EV wall charger. Sleek and futuristic! 🚗🔌 #ModernHomes""",Positive
"35. ""Never be late again—smart apps can warm up your EV before you step in. 🌡️📱 #UltimateComfort""",Positive
"36. ""Joining an EV co-op means access to shared vehicles for when you need them. 🚗🔑 #SmartLiving""",Positive
"37. ""EVs are perfect for city dwellers—compact models for tight parking and zero emissions for clean air. 🌆🚗 #CityLife""",Positive
"38. ""Hit the trails with an electric bike in tow, thanks to your EV's towing capabilities. 🚲🚗 #EcoAdventure""",Positive
"39. ""EV road trips offer a unique challenge: explore and plan like never before. 🛣️⚡ #PlanYourAdventure""",Positive
"40. ""Your EV is a talking point. Watch as it sparks conversations about the future! 🗣️🚗 #DrivingChange""",Positive
"41. ""The luxury of silence: EV rides are a treat for the senses. 🛤️🔇 #SereneTravel""",Positive
"42. ""Enjoy the benefits of fewer emissions, especially in areas with strict air quality rules. 🌍🚗 #GlobalImpact""",Positive
"43. ""EV interiors are designed for modern living—minimalist and tech-savvy. 🚗✨ #SmartDesign""",Positive
"44. ""Switching to an EV can inspire your neighbors to follow suit. 🌿👨‍👩‍👧‍👦 #LeadByExample""",Positive
"45. ""Long commutes become less stressful in EVs with advanced driver-assist systems. 🚗🛡️ #RelaxedDriving""",Positive
"46. ""Turn heads with your sleek EV—where style meets sustainability. 🚗🌟 #DriveInStyle""",Positive
"47. ""Teach your kids about eco-consciousness with every ride. 🚗🌿 #FutureGenerations""",Positive
"48. ""EVs make winter mornings easier—remote start your car and stay warm! ❄️🚗 #WinterReady""",Positive
"49. ""Enjoy a coffee break while charging your EV at a cozy café. ☕🔋 #RechargeYourself""",Positive
"50. ""Your EV doubles as a backup power source in emergencies. 🏡🔋 #BePrepared""",Positive
"51. ""Go electric and reduce noise pollution in your neighborhood. 🌍🔇 #CommunityCare""",Positive
"52. ""Driving an EV means spending more time exploring and less time fueling. 🛣️⚡ #MoreAdventures""",Positive
"53. ""Experience the thrill of instant torque. EVs redefine 'fun to drive.' 🚗💨 #FeelThePower""",Positive
"54. ""Elevate your eco-friendly lifestyle with an EV—it’s a natural fit. 🌿🚗 #GreenLiving""",Positive
"55. ""Plan EV trips around scenic routes and enjoy the journey as much as the destination. 🏔️🚗 #DriveToExplore""",Positive
"56. ""Power your gadgets on the go with EV outlets. Camping just got an upgrade! 🔋🏕️ #ConnectedCamping""",Positive
"57. ""Forget gas station snacks—charging stops are bringing gourmet food to the road. 🍕🔋 #BetterBreaks""",Positive
"58. ""EV adoption is reshaping communities, making them greener and cleaner. 🌍🏙️ #BetterLiving""",Positive
"59. ""Make your weekends count with guilt-free driving in your EV. 🌿🚗 #EcoJoyrides""",Positive
"60. ""EVs are more than a car—they're a lifestyle choice for a sustainable future. 🚗⚡ #DriveGreen""",Positive
"1. ""Driving an EV requires planning your trips carefully. Charging stops are part of the journey. ⚡🛣️ #PlanAhead""  ",Neutral
"2. ""Switching to an EV means learning about kilowatt-hours and charging speeds. A small adjustment for some. 🔋📚 #NewKnowledge""  ",Neutral
"3. ""Range anxiety is a common feeling for new EV owners. It fades with experience and better planning. 🚗⚡ #EVFacts""  ",Neutral
"4. ""Home charging is convenient, but renters may face challenges without dedicated parking. 🏘️🔌 #Considerations""  ",Neutral
"5. ""Not all charging stations are created equal. Some are fast, others not so much. ⏳🔋 #ChargingRealities""  ",Neutral
"6. ""Charging an EV at home is cheap, but installing a home charger can cost $500-$2,000 upfront. 💸🔌 #CostsToConsider""  ",Neutral
"7. ""EV interiors often focus on minimalism, which some drivers love, and others find too plain. 🚗✨ #MixedFeelings""  ",Neutral
"8. ""While quieter, EVs can pose a hazard for pedestrians who rely on sound cues. 🔇🚶 #SafetyFirst""  ",Neutral
"9. ""Cold weather can reduce your EV's range significantly. Plan accordingly in winter. ❄️🔋 #EVTips""  ",Neutral
"10. ""Charging stations aren't everywhere—rural areas often have fewer options. 🏞️⚡ #AccessMatters""  ",Neutral
"11. ""Preheating your EV in winter helps with range but uses energy. Balance is key. ❄️🚗 #EnergyUse""  ",Neutral
"12. ""Regenerative braking feels different than traditional brakes. It takes getting used to. 🚗🛑 #NewExperience""  ",Neutral
"13. ""Road trips in EVs take longer due to charging stops. A trade-off for clean energy. 🚗🔋 #EVTravel""  ",Neutral
"14. ""Fast charging is great but can degrade battery health if overused. Use it wisely. ⏱️🔋 #BatteryCare""  ",Neutral
"15. ""EV maintenance is lower overall, but battery replacements can be expensive if needed. 🔋💵 #ProsAndCons""  ",Neutral
"16. ""Many EVs rely on touchscreens for controls, which can be distracting for some drivers. 🚗📱 #TechAdjustments""  ",Neutral
"17. ""Driving an EV means adapting to the charging culture. Waiting at stations is a new norm. ⏳⚡ #EVPatience""  ",Neutral
"18. ""Not all electric cars are created equal—ranges and features vary widely. Research is key. 🔍🚗 #BuyerBeware""  ",Neutral
"19. ""Charging at home is cheap but can raise your electricity bill noticeably. ⚡💡 #EnergyCosts""  ",Neutral
"20. ""Public charging networks are growing but can still be unreliable in some areas. 📍🔋 #InfrastructureGap""  ",Neutral
"21. ""EVs often come with higher upfront costs despite long-term savings. 🚗💰 #BudgetPlanning""  ",Neutral
"22. ""Winter range loss can make it harder to rely on an EV for long commutes. ❄️🔋 #EVChallenges""  ",Neutral
"23. ""Some charging stations charge by time, which may not be fair for slower-charging cars. ⏱️💵 #PolicyTalk""  ",Neutral
"24. ""Driving an EV in areas with high electricity prices might not be as economical. ⚡💸 #RegionalFactors""  ",Neutral
"25. ""Charging station etiquette is still evolving—some drivers leave their EVs plugged in too long. 🤷🔌 #SocialNorms""  ",Neutral
"26. ""EVs with larger batteries can take longer to charge at standard stations. 🕒🔋 #TradeOffs""  ",Neutral
"27. ""Auto-updates in EVs can sometimes change features without warning. 📡🚗 #TechSurprises""  ",Neutral
"28. ""EVs are great for city driving, but range limits can be a drawback for rural drivers. 🚗🌾 #LocationMatters""  ",Neutral
"29. ""Adopting an EV means navigating the still-evolving charging network. 📍🔋 #GrowingPains""  ",Neutral
"30. ""Charging stops add to road trip time, but they can also provide much-needed breaks. 🛑🚗 #MixedBlessings""  ",Neutral
"1. ""Switching to EVs means rethinking where and how you 'fuel' your car. ⚡🔌 #LifestyleChange""  ",Neutral
"2. ""Many workplaces are starting to offer EV charging, but it's far from universal. 🏢⚡ #RoomForImprovement""  ",Neutral
"3. ""Driving an EV during a power outage can be tricky—backup plans are essential. 🌩️🔋 #Preparedness""  ",Neutral
"4. ""EVs may have fewer moving parts, but they still require tire rotations and basic maintenance. 🛠️🚗 #KnowYourCar""  ",Neutral
"5. ""EVs are great for daily commutes, but not all models are designed for heavy-duty use. 🚗⚡ #DifferentNeeds""  ",Neutral
"6. ""Longer charge times mean road trips often need extra planning for stops. 🛣️⏱️ #BePrepared""  ",Neutral
"7. ""Charging at home is easy—if you have a home charger. Otherwise, it can be inconvenient. 🏡🔌 #Considerations""  ",Neutral
"8. ""Not all fast chargers are truly 'fast'—speeds vary widely by network and location. ⏳⚡ #EVFacts""  ",Neutral
"9. ""While EVs are silent, some models add artificial sounds for safety, which may feel odd. 🔇🚗 #Adjustments""  ",Neutral
"10. ""Driving electric can mean joining waitlists for busy public chargers. ⏳🔌 #PatienceRequired""  ",Neutral
"11. ""Higher insurance costs for EVs can offset savings on fuel and maintenance. 🚗💵 #HiddenCosts""  ",Neutral
"12. ""EV range estimates are just that—estimates. Real-world range depends on driving habits. 🛣️🔋 #RealityCheck""  ",Neutral
"13. ""Public charging station reliability is improving but still varies across regions. 📍🔌 #GrowingPains""  ",Neutral
"14. ""Charging in extreme weather—hot or cold—may require additional precautions. 🌡️🔋 #WeatherImpacts""  ",Neutral
"15. ""Used EVs with degraded batteries often have shorter ranges, affecting resale value. 🔋📉 #LongevityConcerns""  ",Neutral
"16. ""Charging times improve with technology, but even 'fast' can feel slow during travel. ⏱️⚡ #EVWaitingGame""  ",Neutral
"17. ""Access to renewable energy for charging depends on your location and electricity provider. 🌍⚡ #RegionalFactors""  ",Neutral
"18. ""Some EV models have limited cargo space compared to traditional SUVs or trucks. 🚗📦 #TradeOffs""  ",Neutral
"19. ""EV tires wear out faster due to the added weight of the battery pack. 🚗🔧 #MaintenanceCosts""  ",Neutral
"20. ""Navigating charging stations in new cities can feel like a scavenger hunt. 🗺️🔋 #TravelChallenges""  ",Neutral
"1. ""EV charging stations can be out of service, leaving drivers stranded. ⛔🔋 #Frustration""  ",Negative
"2. ""Cold weather can slash EV range by up to 40%, making winter driving challenging. ❄️🚗 #WinterWoes""  ",Negative
"3. ""Fast chargers aren't cheap—public charging can sometimes cost more than gas. ⛽⚡💸 #UnexpectedCosts""  ",Negative
"4. ""Installing a home charger can be a hassle for those in apartments or condos. 🏢🔌 #BarriersToEntry""  ",Negative
"5. ""Some EV models have poorly integrated features, making them less user-friendly. 🤔🚗 #DesignFlaws""  ",Negative
"6. ""Battery degradation over time can reduce your EV's range significantly. 🔋📉 #LongevityConcerns""  ",Negative
"7. ""Finding a compatible charging station for your EV can be a headache. 🔌🤷 #CompatibilityIssues""  ",Negative
"8. ""Relying solely on public chargers can make EV ownership stressful. 📍⚡ #ConvenienceChallenges""  ",Negative
"9. ""Limited range means spontaneous long trips are harder with an EV. 🛣️❌ #PlanningRequired""  ",Negative
"10. ""Charging times during long trips can be frustratingly slow. 🕒🚗 #Impatience""  ",Negative
"11. ""Some charging apps are buggy or inaccurate, leading to unnecessary detours. 📱❌ #TechFails""  ",Negative
"12. ""The upfront cost of an EV can be prohibitive for many buyers. 💵🚗 #AffordabilityBarrier""  ",Negative
"13. ""EVs lose efficiency on highways compared to city driving. 🛣️🔋 #PerformanceLimitations""  ",Negative
"14. ""Charging spots in urban areas can be scarce, especially for those without driveways. 🏙️🔌 #AccessIssues""  ",Negative
"15. ""Battery replacements for older EVs can cost thousands, negating savings. 🔋💸 #RepairCosts""  ",Negative
"16. ""Long road trips in an EV can involve a lot of waiting around for charging. ⏳🚗 #TimeSink""  ",Negative
"17. ""Charging network reliability varies greatly depending on location. 📍🔋❌ #InconsistentAccess""  ",Negative
"18. ""Some EV owners report software glitches that can disable key features. 🚗❌ #TechProblems""  ",Negative
"19. ""In extreme heat or cold, EVs can struggle to maintain efficient operation. 🌡️🔋 #WeatherChallenges""  ",Negative
"20. ""Certain areas have charging station deserts, leaving drivers stranded. 🚗📍❌ #GeographyMatters""  ",Negative
"21. ""Not all workplaces support EV charging, limiting convenience for employees. 🏢⚡❌ #WorkplaceBarriers""  ",Negative
"22. ""Older EVs can have significantly less range compared to newer models. 🔋📉 #TechAging""  ",Negative
"23. ""Battery production has its environmental costs, complicating the 'green' narrative. 🌍🔋 #EcoDebate""  ",Negative
"24. ""Used EVs often come without the same incentives as new models. 🚗💵❌ #AffordabilityHurdles""  ",Negative
"25. ""Fast chargers sometimes limit the power delivered to protect the grid, leading to longer waits. ⏱️⚡ #ChargingLimits""  ",Negative
"26. ""The EV repair market is still maturing, with limited options for specialized services. 🛠️🚗❌ #RepairChallenges""  ",Negative
"27. ""EVs might not be suitable for towing heavy loads, limiting their utility for some users. 🚗🔧 #PerformanceDrawback""  ",Negative
"28. ""The environmental benefits of EVs can depend heavily on how electricity is generated locally. ⚡🌍 #ContextMatters""  ",Negative
"29. ""EVs often lack the same availability for spare parts as traditional cars. 🔧❌ #SupplyIssues""  ",Negative
"30. ""Charging station hogging by other drivers can lead to frustration during long trips. 🤦‍♂️🔌 #EtiquetteMatters""  ",Negative
"1. ""Charging during peak electricity hours can be expensive, negating some EV savings. 💡🔌 #EnergyCosts""  ",Negative
"2. ""Public chargers being occupied can leave EV drivers waiting for long periods. ⏳⚡ #Inconvenience""  ",Negative
"3. ""Not all chargers are placed in safe, well-lit locations, making nighttime charging risky. 🌙📍 #SafetyConcerns""  ",Negative
"4. ""EV battery packs make the cars heavier, which can lead to faster tire wear. 🚗🛞 #HiddenMaintenance""  ",Negative
"5. ""Owners in apartments or condos without charging access may find EVs impractical. 🏢🔌❌ #AccessBarriers""  ",Negative
"6. ""Some EV models still lack long enough range for those who frequently drive long distances. 🛣️🔋 #Limitations""  ",Negative
"7. ""Software updates can introduce bugs that affect key EV features. 🚗📉 #TechGlitches""  ",Negative
"8. ""Cold weather charging can take significantly longer, frustrating winter travelers. ❄️⏳ #WinterHurdles""  ",Negative
"9. ""Battery production for EVs involves mining, which raises ethical and environmental concerns. 🌍🔋 #ComplicatedEthics""  ",Negative
"10. ""Charging station vandalism can leave some areas without reliable infrastructure. 📍❌ #VandalismIssues""  ",Negative
"11. ""Not every charging station is compatible with all EV models, adding stress to road trips. 🔌🚗❌ #CompatibilityChallenges""  ",Negative
"12. ""Poor charger maintenance at some stations leads to unreliable experiences for EV drivers. ⚡🔧❌ #Frustration""  ",Negative
"13. ""Some EVs lack spare tires, which can be a problem in emergencies. 🚗🛞❌ #PreparednessMatters""  ",Negative
"14. ""Driving in hilly areas can drain the battery faster than expected. 🛤️🔋 #RangeSurprises""  ",Negative
"15. ""Rural EV owners often face longer drives to find a public charging station. 🚗🌾📍 #AccessGap""  ",Negative
"16. ""Certain EVs require proprietary chargers, which limits flexibility for drivers. 🔌🚗❌ #LockedIn""  ",Negative
"17. ""EVs can lose range when parked for extended periods in very cold weather. ❄️🚗🔋 #WinterSetbacks""  ",Negative
"18. ""High electricity demand in your area might lead to slower charging speeds. ⚡⏱️ #GridIssues""  ",Negative
"19. ""Some chargers fail to communicate with cars, resulting in unsuccessful charging sessions. 🚗🔌❌ #TechHiccups""  ",Negative
"20. ""Driving electric doesn’t guarantee low emissions if your grid is powered by coal. 🌍⚡ #GreenNuances""  ",Negative
,
,
,
,
,
,
,
,
,
,
,
,
,
,
,
,
,
,
,
,
,
,
,
,
,
,
,
,
,
,
,
,
,
,
,
,
,
,
,
,
,
,
,
,
,
,
,
,
,
,
,
,
,
,
,
,
,
,
,
,
,
,
,
,
,
,
,
,
,
,
,
,
,
,
,
,
,
,
,
,
,
,
,
,
,
,
,
,
,
,
,
,
,
,
,
,
,
,
,
,
,
,
,
,
,
,
,
,
,
,
,
,
,
,
,
,
,
,
,
,
,
,
,
,
,
,
,
,
,
,
,
,
,
,
,
,
,
,
,
,
,
,
,
,
,
,
,
,
,
,
,
,
,
,
,
,
,
,
,
,
,
,
,
,
,
,
,
,
,
,
,
,
,
,
,
,
,
,
,
,
,
,
,
,
,
,
,
,
,
,
,
,
,
,
,
,
,
,
,
,
,
,
,
,
,
,
,
,
,
,
,
,
,
,
,
,
,
,
,
,
,
,
,
,
,
,
,
,
,
,
,
,
,
,
,
,
,
,
,
,
,
,
,
,
,
,
,
,
,
,
,
,
,
,
,
,
,
,
,
,
,
,
,
,
,
,
,
,
,
,
,
,
,
,
,
,
,
,
,
,
,
,
,
,
,
,
,
,
,
,
,
,
,
,
,
,
,
,
,
,
,
,
,
,
,
,
,
,
,
,
,
,
,
,
,
,
,
,
,
,
,
,
,
,
,
,
,
,
,
,
,
,
,
,
,
,
,
,
,
,
,
,
,
,
,
,
,
,
,
,
,
,
,
,
,
,
,
,
,
,
,
,
,
,
,
,
,
,
,
,
,
,
,
,
,
,
,
,
,
,
,
,
,
,
,
,
,
,
,
,
,
,
,
,
,
,
,
,
,
,
,
,
,
,
,
,
,
,
,
,
,
,
,
,
,
,
,
,
,
,
,
,
,
,
,
,
,
,
,
,
,
,
,
,
,
,
,
,
,
,
,
,
,
,
,
,
,
,
,
,
,
,
,
,
,
,
,
,
,
,
,
,
,
,
,
,
,
,
,
,
,
,
,
,
,
,
,
,
,
,
,
,
,
,
,
,
,
,
,
,
,
,
,
,
,
,
,
,
,
,
,
,
,
,
,
,
,
,
,
,
,
,
,
,
,
,
,
,
,
,
,
,
,
,
,
,
,
,
,
,
,
,
,
,
,
,
,
,
,
,
,
,
,
,
,
,
,
,
,
,
,
,
,
,
,
,
,
,
,
,
,
,
,
,
,
,
,
,
,
,
,
,
,
,
,
,
,
,
,
,
,
,
,
,
,
,
,
,
,
,
,
,
,
,
,
,
,
,
,
,
,
,
,